宝彭,25-50岁,http://brand.efu.com.cn/brandshow-1222327.html
甲胄仕,25-45岁,http://brand.efu.com.cn/brandshow-1222319.html
格里斯蒂亚诺,24-35岁,http://brand.efu.com.cn/brandshow-1222323.html
桀骜,26-40岁,http://brand.efu.com.cn/brandshow-947997.html
博尔顿,25-50,http://brand.efu.com.cn/brandshow-948294.html
圣大保罗,26-50,http://brand.efu.com.cn/brandshow-947786.html
哈吉斯,26-40岁,http://brand.efu.com.cn/brandshow-924011.html
CR,26-40岁,http://brand.efu.com.cn/brandshow-948631.html
开尔,25-45岁,http://brand.efu.com.cn/brandshow-924839.html
诺丁山,26-40岁,http://brand.efu.com.cn/brandshow-922278.html
乐士,28-35岁,http://brand.efu.com.cn/brandshow-83044.html
威蔻,28-45岁,http://brand.efu.com.cn/brandshow-924225.html
菲戈雷蒙,26-40岁,http://brand.efu.com.cn/brandshow-924221.html
凯莱露喜,35-55,http://brand.efu.com.cn/brandshow-924217.html
威利,26-58,http://brand.efu.com.cn/brandshow-924224.html
乔顿,26-40岁,http://brand.efu.com.cn/brandshow-923957.html
VONESTUDIO,26-40岁,http://brand.efu.com.cn/brandshow-923953.html
半百服饰,26-40岁,http://brand.efu.com.cn/brandshow-933021.html
VONEMAN,26-40岁,http://brand.efu.com.cn/brandshow-923950.html
乔治布莱恩,26-40岁,http://brand.efu.com.cn/brandshow-923962.html
高尔夫,26-40岁,http://brand.efu.com.cn/brandshow-923979.html
夏蒙,26-40岁,http://brand.efu.com.cn/brandshow-923974.html
瑞诺玛,26-40岁,http://brand.efu.com.cn/brandshow-923966.html
爱尔妮,26-40岁,http://brand.efu.com.cn/brandshow-922562.html
雄豹狼,26-40岁,http://brand.efu.com.cn/brandshow-922655.html
富邦·威尔,26-40岁,http://brand.efu.com.cn/brandshow-933080.html
瑞弗史东,26-40岁,http://brand.efu.com.cn/brandshow-922547.html
波士拉里,28-45岁,http://brand.efu.com.cn/brandshow-191866.html
宾度j．benato,26-40岁,http://brand.efu.com.cn/brandshow-237314.html
派蒙,26-40岁,http://brand.efu.com.cn/brandshow-932938.html
王子密码,19-25岁,http://brand.efu.com.cn/brandshow-908973.html
八零,26-40岁,http://brand.efu.com.cn/brandshow-932953.html
艾凡,26-40岁,http://brand.efu.com.cn/brandshow-905309.html
久鹿,26-40岁,http://brand.efu.com.cn/brandshow-904323.html
雅韵,30-50,http://brand.efu.com.cn/brandshow-94783.html
曼茨帛,41-60岁,http://brand.efu.com.cn/brandshow-91056.html
圣吉奥,25-35岁,http://brand.efu.com.cn/brandshow-90618.html
天恩泰缇,26-40岁,http://brand.efu.com.cn/brandshow-392578.html
博士邦尼,26-40岁,http://brand.efu.com.cn/brandshow-924821.html
意克莱斯,26-40岁,http://brand.efu.com.cn/brandshow-924829.html
阳康,26-40岁,http://brand.efu.com.cn/brandshow-924824.html
大水,26-40岁,http://brand.efu.com.cn/brandshow-924831.html
西元前,26-40岁,http://brand.efu.com.cn/brandshow-924853.html
福山,26-40岁,http://brand.efu.com.cn/brandshow-924850.html
LAMPOUOMO,26-40岁,http://brand.efu.com.cn/brandshow-924845.html
鳄鱼恤,30-50,http://brand.efu.com.cn/brandshow-924844.html
尊者,26-40岁,http://brand.efu.com.cn/brandshow-924803.html
象外,26-40岁,http://brand.efu.com.cn/brandshow-923971.html
培蒙,26-40岁,http://brand.efu.com.cn/brandshow-924852.html
仕达斯,26-40岁,http://brand.efu.com.cn/brandshow-924796.html
高尔普,26-40岁,http://brand.efu.com.cn/brandshow-923972.html
康楠,0-3岁,http://brand.efu.com.cn/brandshow-924810.html
帝蓬,26-40岁,http://brand.efu.com.cn/brandshow-924809.html
TERREHAUTE,26-40岁,http://brand.efu.com.cn/brandshow-924790.html
群豪,26-40岁,http://brand.efu.com.cn/brandshow-924807.html
KLUOS,26-40岁,http://brand.efu.com.cn/brandshow-924793.html
美国苹果,26-40岁,http://brand.efu.com.cn/brandshow-924788.html
森迪威尔,26-40岁,http://brand.efu.com.cn/brandshow-924808.html
登喜世家,26-40岁,http://brand.efu.com.cn/brandshow-924792.html
MARKBOSE,26-40岁,http://brand.efu.com.cn/brandshow-924833.html
飞洋鱼,26-40岁,http://brand.efu.com.cn/brandshow-924795.html
七星,26-40岁,http://brand.efu.com.cn/brandshow-924794.html
绅士,26-40岁,http://brand.efu.com.cn/brandshow-922244.html
金皮尔斯,26-40岁,http://brand.efu.com.cn/brandshow-924945.html
哈莱士,26-40岁,http://brand.efu.com.cn/brandshow-924791.html
蒙荻丘,26-40岁,http://brand.efu.com.cn/brandshow-924943.html
爱缪斯,26-40岁,http://brand.efu.com.cn/brandshow-924940.html
法勃尔,26-40岁,http://brand.efu.com.cn/brandshow-924942.html
佛伦帝奴,35-55,http://brand.efu.com.cn/brandshow-924936.html
天朗世家,26-40岁,http://brand.efu.com.cn/brandshow-924933.html
鼎铜,26-40岁,http://brand.efu.com.cn/brandshow-924934.html
丹顶鹤,26-40岁,http://brand.efu.com.cn/brandshow-924927.html
尚品,20-38岁,http://brand.efu.com.cn/brandshow-924920.html
富哥,26-40岁,http://brand.efu.com.cn/brandshow-924915.html
艾尔·妥,26-40岁,http://brand.efu.com.cn/brandshow-924905.html
高驰,0-3岁,http://brand.efu.com.cn/brandshow-924912.html
波斯雷顿,26-40岁,http://brand.efu.com.cn/brandshow-924904.html
四海龙,26-40岁,http://brand.efu.com.cn/brandshow-924896.html
威廉博格,26-40岁,http://brand.efu.com.cn/brandshow-923959.html
沙驰,26-40岁,http://brand.efu.com.cn/brandshow-924013.html
依立腾,26-40岁,http://brand.efu.com.cn/brandshow-924010.html
XPOVOS,26-40岁,http://brand.efu.com.cn/brandshow-923968.html
左,22-32岁,http://brand.efu.com.cn/brandshow-924028.html
伊恩街,26-40岁,http://brand.efu.com.cn/brandshow-924012.html
艾堡德,26-40岁,http://brand.efu.com.cn/brandshow-924024.html
绅贵,26-40岁,http://brand.efu.com.cn/brandshow-924027.html
英迪龙,26-40岁,http://brand.efu.com.cn/brandshow-924065.html
斯托梵诺,26-40岁,http://brand.efu.com.cn/brandshow-924062.html
铁狮东尼,26-40岁,http://brand.efu.com.cn/brandshow-924069.html
杰胜,26-40岁,http://brand.efu.com.cn/brandshow-924018.html
泰格金斯,26-40岁,http://brand.efu.com.cn/brandshow-924064.html
卡奴迪路,26-40岁,http://brand.efu.com.cn/brandshow-924067.html
艾多玛,25-38,http://brand.efu.com.cn/brandshow-924057.html
圣梵诺,26-40岁,http://brand.efu.com.cn/brandshow-924052.html
克莱利亚尼,26-40岁,http://brand.efu.com.cn/brandshow-924056.html
迪伽默,26-40岁,http://brand.efu.com.cn/brandshow-924046.html
赫斐托斯,26-40岁,http://brand.efu.com.cn/brandshow-924051.html
哈里波士,26-40岁,http://brand.efu.com.cn/brandshow-924036.html
Hardrive,26-40岁,http://brand.efu.com.cn/brandshow-924044.html
胜龙,0-3岁,http://brand.efu.com.cn/brandshow-924031.html
齐利,26-40岁,http://brand.efu.com.cn/brandshow-924032.html
隽唯,26-40岁,http://brand.efu.com.cn/brandshow-924033.html
瀚斯,26-40岁,http://brand.efu.com.cn/brandshow-924039.html
枫索,26-40岁,http://brand.efu.com.cn/brandshow-924070.html
品味,25-40,http://brand.efu.com.cn/brandshow-924255.html
恺王,26-40岁,http://brand.efu.com.cn/brandshow-924266.html
阿科登,26-40岁,http://brand.efu.com.cn/brandshow-924261.html
Kiton(男装),26-40岁,http://brand.efu.com.cn/brandshow-924231.html
喜丽美狮,26-40岁,http://brand.efu.com.cn/brandshow-924229.html
温馨鸟,26-40岁,http://brand.efu.com.cn/brandshow-924873.html
好旺世家,26-40岁,http://brand.efu.com.cn/brandshow-924874.html
真仕漫,26-40岁,http://brand.efu.com.cn/brandshow-924870.html
梵诗丹,26-40岁,http://brand.efu.com.cn/brandshow-924869.html
高尼奥,26-40岁,http://brand.efu.com.cn/brandshow-924886.html
雅阁奥泰,26-40岁,http://brand.efu.com.cn/brandshow-924888.html
蓝狄斯丹,26-40岁,http://brand.efu.com.cn/brandshow-924880.html
蒙特伦斯,26-40岁,http://brand.efu.com.cn/brandshow-924918.html
米尔罗,26-40岁,http://brand.efu.com.cn/brandshow-924925.html
迪安帝尼,26-40岁,http://brand.efu.com.cn/brandshow-925062.html
亚宝龙,26-40岁,http://brand.efu.com.cn/brandshow-925049.html
玛珂·爱萨尼,26-40岁,http://brand.efu.com.cn/brandshow-925040.html
秋意浓,26-40岁,http://brand.efu.com.cn/brandshow-925045.html
国人西服,26-40岁,http://brand.efu.com.cn/brandshow-925033.html
九鹿王,26-40岁,http://brand.efu.com.cn/brandshow-924245.html
卡路仕,25-55,http://brand.efu.com.cn/brandshow-924248.html
金丝狐,26-40岁,http://brand.efu.com.cn/brandshow-924215.html
吉牡,26-40岁,http://brand.efu.com.cn/brandshow-924220.html
非池中,26-40岁,http://brand.efu.com.cn/brandshow-924211.html
威可多,26-40岁,http://brand.efu.com.cn/brandshow-924192.html
威杰思,26-40岁,http://brand.efu.com.cn/brandshow-924206.html
威斯康尼,26-40岁,http://brand.efu.com.cn/brandshow-924200.html
柏斯宝,26-40岁,http://brand.efu.com.cn/brandshow-924074.html
JACK WALK,26-40岁,http://brand.efu.com.cn/brandshow-924190.html
ITSUP,26-40岁,http://brand.efu.com.cn/brandshow-924193.html
赛邦迪尼,26-40岁,http://brand.efu.com.cn/brandshow-924195.html
古朗尼,26-40岁,http://brand.efu.com.cn/brandshow-924218.html
斯高瑞,26-40岁,http://brand.efu.com.cn/brandshow-924204.html
暗溯,26-40岁,http://brand.efu.com.cn/brandshow-924214.html
ZIOTELLO,26-40岁,http://brand.efu.com.cn/brandshow-924238.html
约翰王子,26-40岁,http://brand.efu.com.cn/brandshow-924236.html
间奏曲,26-40岁,http://brand.efu.com.cn/brandshow-924252.html
重峰,26-40岁,http://brand.efu.com.cn/brandshow-924251.html
爵仕堡迪,26-40岁,http://brand.efu.com.cn/brandshow-924259.html
蓝豹洋服,26-40岁,http://brand.efu.com.cn/brandshow-924349.html
乐士,26-40岁,http://brand.efu.com.cn/brandshow-924345.html
劳斯顿,26-40岁,http://brand.efu.com.cn/brandshow-924340.html
雷驰,30-50岁,http://brand.efu.com.cn/brandshow-924332.html
路易诗兰,26-40岁,http://brand.efu.com.cn/brandshow-924329.html
猛龙,26-40岁,http://brand.efu.com.cn/brandshow-924326.html
卡尔伦萨,26-40岁,http://brand.efu.com.cn/brandshow-924324.html
雷马,26-40岁,http://brand.efu.com.cn/brandshow-924321.html
后街男孩,26-40岁,http://brand.efu.com.cn/brandshow-924975.html
LOYOU,26-40岁,http://brand.efu.com.cn/brandshow-923634.html
萨意达,26-40岁,http://brand.efu.com.cn/brandshow-923604.html
鳄莱特,26-40岁,http://brand.efu.com.cn/brandshow-923642.html
阿仕顿,26-40岁,http://brand.efu.com.cn/brandshow-923622.html
法国奥格兰顿,26-40岁,http://brand.efu.com.cn/brandshow-923732.html
都彭,26-40岁,http://brand.efu.com.cn/brandshow-923735.html
迪迪博迩,26-40岁,http://brand.efu.com.cn/brandshow-923722.html
龙虾,26-40岁,http://brand.efu.com.cn/brandshow-923668.html
镖王,26-40岁,http://brand.efu.com.cn/brandshow-923728.html
INTREX,26-40岁,http://brand.efu.com.cn/brandshow-923707.html
大红鹰,26-40岁,http://brand.efu.com.cn/brandshow-923709.html
北纬30度,25-35岁,http://brand.efu.com.cn/brandshow-923718.html
汉崇,26-40岁,http://brand.efu.com.cn/brandshow-923701.html
ANDZ,26-40岁,http://brand.efu.com.cn/brandshow-923688.html
卡拉利男装,26-40岁,http://brand.efu.com.cn/brandshow-923679.html
格宏,26-40岁,http://brand.efu.com.cn/brandshow-923673.html
埃弛易,26-40岁,http://brand.efu.com.cn/brandshow-923680.html
卡利斯特,26-40岁,http://brand.efu.com.cn/brandshow-923667.html
堡马,26-40岁,http://brand.efu.com.cn/brandshow-923693.html
分众·风尚,26-40岁,http://brand.efu.com.cn/brandshow-923670.html
古芳,26-40岁,http://brand.efu.com.cn/brandshow-923675.html
IMCO,26-40岁,http://brand.efu.com.cn/brandshow-923717.html
杰佳雯,26-40岁,http://brand.efu.com.cn/brandshow-923736.html
华诺威,26-40岁,http://brand.efu.com.cn/brandshow-923695.html
吉弗雷,30-40,http://brand.efu.com.cn/brandshow-923779.html
约翰费雷德,26-40岁,http://brand.efu.com.cn/brandshow-923784.html
金鲨鱼,26-40岁,http://brand.efu.com.cn/brandshow-923782.html
罗萨拉蒂,26-40岁,http://brand.efu.com.cn/brandshow-923759.html
德加拉,26-40岁,http://brand.efu.com.cn/brandshow-923768.html
法曼斯,26-40岁,http://brand.efu.com.cn/brandshow-923767.html
BGEE,26-40岁,http://brand.efu.com.cn/brandshow-924311.html
凯斯·威尔顿,26-40岁,http://brand.efu.com.cn/brandshow-924299.html
康奈,不限,http://brand.efu.com.cn/brandshow-924300.html
凯普狄诺,26-40岁,http://brand.efu.com.cn/brandshow-924292.html
迪伍,26-40岁,http://brand.efu.com.cn/brandshow-924297.html
杰克斯,30-45,http://brand.efu.com.cn/brandshow-924286.html
型尚,26-40岁,http://brand.efu.com.cn/brandshow-924295.html
泰戈,26-40岁,http://brand.efu.com.cn/brandshow-924306.html
花花公子,26-40岁,http://brand.efu.com.cn/brandshow-924287.html
龙达飞,26-40岁,http://brand.efu.com.cn/brandshow-924426.html
简尚,26-40岁,http://brand.efu.com.cn/brandshow-924420.html
玛卡西尼,26-40岁,http://brand.efu.com.cn/brandshow-924415.html
麦卡思,26-40岁,http://brand.efu.com.cn/brandshow-924428.html
法拉萨狄,26-40岁,http://brand.efu.com.cn/brandshow-924416.html
欧蒂劳士,26-40岁,http://brand.efu.com.cn/brandshow-924412.html
奥德臣,26-40岁,http://brand.efu.com.cn/brandshow-924410.html
Mvio,26-40岁,http://brand.efu.com.cn/brandshow-924434.html
路易至尊,26-40岁,http://brand.efu.com.cn/brandshow-924435.html
麦凯拉,26-40岁,http://brand.efu.com.cn/brandshow-924432.html
玛格丽格,26-40岁,http://brand.efu.com.cn/brandshow-924404.html
喜登博,26-40岁,http://brand.efu.com.cn/brandshow-924393.html
雷迪波尔,26-40岁,http://brand.efu.com.cn/brandshow-924395.html
迈雅,26-40岁,http://brand.efu.com.cn/brandshow-924391.html
曼西尔奴,26-40岁,http://brand.efu.com.cn/brandshow-924408.html
鹰鹏,26-40岁,http://brand.efu.com.cn/brandshow-924381.html
死亡奇迹,26-40岁,http://brand.efu.com.cn/brandshow-924379.html
鲁彼昂姆,26-40岁,http://brand.efu.com.cn/brandshow-924369.html
鹿王,26-40岁,http://brand.efu.com.cn/brandshow-924377.html
柒牌,28-45岁,http://brand.efu.com.cn/brandshow-245206.html
威尔浪,26-40岁,http://brand.efu.com.cn/brandshow-79655.html
虎豹,26-40岁,http://brand.efu.com.cn/brandshow-922410.html
百先得,26-40岁,http://brand.efu.com.cn/brandshow-922517.html
琴曼,26-40岁,http://brand.efu.com.cn/brandshow-922407.html
老K,26-40岁,http://brand.efu.com.cn/brandshow-922408.html
特别特,26-40岁,http://brand.efu.com.cn/brandshow-922512.html
乔治白,26-40岁,http://brand.efu.com.cn/brandshow-922548.html
银湖,26-40岁,http://brand.efu.com.cn/brandshow-922416.html
奥洛威,26-40岁,http://brand.efu.com.cn/brandshow-922519.html
诺奇,26-40岁,http://brand.efu.com.cn/brandshow-922592.html
法派,26-40岁,http://brand.efu.com.cn/brandshow-922587.html
步森,26-40岁,http://brand.efu.com.cn/brandshow-922640.html
富贵鸟,30-45,http://brand.efu.com.cn/brandshow-922615.html
吉牧,26-40岁,http://brand.efu.com.cn/brandshow-922673.html
盖奇,26-40岁,http://brand.efu.com.cn/brandshow-922626.html
太平鸟,19-25岁,http://brand.efu.com.cn/brandshow-922716.html
能达利,26-40岁,http://brand.efu.com.cn/brandshow-922683.html
SEASOUL,26-40岁,http://brand.efu.com.cn/brandshow-922663.html
迪克萨斯,0-3岁,http://brand.efu.com.cn/brandshow-921776.html
旗牌王,19-25岁,http://brand.efu.com.cn/brandshow-922760.html
圣达威,41-60岁,http://brand.efu.com.cn/brandshow-922789.html
GY,26-40岁,http://brand.efu.com.cn/brandshow-922748.html
培罗成,26-40岁,http://brand.efu.com.cn/brandshow-922784.html
贝克曼,26-40岁,http://brand.efu.com.cn/brandshow-922777.html
啄木鸟,不限,http://brand.efu.com.cn/brandshow-922842.html
MAYOR,26-40岁,http://brand.efu.com.cn/brandshow-922742.html
渡森,不限,http://brand.efu.com.cn/brandshow-922833.html
柏尼英格,26-40岁,http://brand.efu.com.cn/brandshow-923004.html
太可思,26-40岁,http://brand.efu.com.cn/brandshow-922824.html
非主流,26-40岁,http://brand.efu.com.cn/brandshow-922995.html
浪登,26-40岁,http://brand.efu.com.cn/brandshow-922990.html
金鹰.露丝卡,26-40岁,http://brand.efu.com.cn/brandshow-922981.html
威鹏,26-40岁,http://brand.efu.com.cn/brandshow-922883.html
男人港湾,26-40岁,http://brand.efu.com.cn/brandshow-818777.html
迪柯尼,35-45,http://brand.efu.com.cn/brandshow-923141.html
万宝路,26-40岁,http://brand.efu.com.cn/brandshow-923186.html
GXG,25-35,http://brand.efu.com.cn/brandshow-923189.html
杰克琼斯,26-40岁,http://brand.efu.com.cn/brandshow-923169.html
VASTOFVSION,25-35,http://brand.efu.com.cn/brandshow-923157.html
观奇洋服,26-40岁,http://brand.efu.com.cn/brandshow-923149.html
班顿,26-40岁,http://brand.efu.com.cn/brandshow-283166.html
名鹰,26-40岁,http://brand.efu.com.cn/brandshow-394759.html
新郎·希努尔,26-40岁,http://brand.efu.com.cn/brandshow-320208.html
博里尼BONINI,26-40岁,http://brand.efu.com.cn/brandshow-104356.html
帝牌,26-40岁,http://brand.efu.com.cn/brandshow-315242.html
帝神宝马,26-40岁,http://brand.efu.com.cn/brandshow-182418.html
富铤,26-40岁,http://brand.efu.com.cn/brandshow-923755.html
马里奥得億,26-40岁,http://brand.efu.com.cn/brandshow-923760.html
莱尔巴蒂,26-40岁,http://brand.efu.com.cn/brandshow-923780.html
FANMDIS,26-40岁,http://brand.efu.com.cn/brandshow-923777.html
安迪卡,26-40岁,http://brand.efu.com.cn/brandshow-923901.html
RYMA,26-40岁,http://brand.efu.com.cn/brandshow-923885.html
OHO,26-40岁,http://brand.efu.com.cn/brandshow-923880.html
无限自我,26-40岁,http://brand.efu.com.cn/brandshow-923895.html
红杉树,26-40岁,http://brand.efu.com.cn/brandshow-923883.html
DC(Daniel Cremieux),26-40岁,http://brand.efu.com.cn/brandshow-923877.html
大地企鹅,26-40岁,http://brand.efu.com.cn/brandshow-923882.html
尼普顿,20-35岁,http://brand.efu.com.cn/brandshow-923874.html
歌德克依,26-40岁,http://brand.efu.com.cn/brandshow-923856.html
小黄狗,26-40岁,http://brand.efu.com.cn/brandshow-923864.html
麦克乔治,26-40岁,http://brand.efu.com.cn/brandshow-923847.html
MTHIRD,26-40岁,http://brand.efu.com.cn/brandshow-923845.html
金豪雀,26-40岁,http://brand.efu.com.cn/brandshow-923848.html
CABO DE CATA,26-40岁,http://brand.efu.com.cn/brandshow-923846.html
爵度,26-40岁,http://brand.efu.com.cn/brandshow-923839.html
格罗尼雅,26-40岁,http://brand.efu.com.cn/brandshow-923844.html
MAGIC POWER,26-40岁,http://brand.efu.com.cn/brandshow-923860.html
苏格兰飞人,35岁左右,http://brand.efu.com.cn/brandshow-923992.html
英菲尼迪,26-40岁,http://brand.efu.com.cn/brandshow-923988.html
斯卡图,26-40岁,http://brand.efu.com.cn/brandshow-923989.html
X132,26-40岁,http://brand.efu.com.cn/brandshow-923964.html
fil a fil,26-40岁,http://brand.efu.com.cn/brandshow-923948.html
皮特丹顿,26-40岁,http://brand.efu.com.cn/brandshow-923940.html
尼爵,26-40岁,http://brand.efu.com.cn/brandshow-923928.html
佛伦斯,20-55岁,http://brand.efu.com.cn/brandshow-923927.html
韦乐,26-40岁,http://brand.efu.com.cn/brandshow-924374.html
斯杰思,26-40岁,http://brand.efu.com.cn/brandshow-923929.html
奈莫,26-40岁,http://brand.efu.com.cn/brandshow-924364.html
AUGAPAZLJY,26-40岁,http://brand.efu.com.cn/brandshow-924375.html
马克希蒙,26-40岁,http://brand.efu.com.cn/brandshow-924405.html
阿里金币,26-40岁,http://brand.efu.com.cn/brandshow-924401.html
玛萨蒂,26-40岁,http://brand.efu.com.cn/brandshow-924422.html
圣.埃德,26-40岁,http://brand.efu.com.cn/brandshow-924425.html
卡雷狄洛,22-45岁,http://brand.efu.com.cn/brandshow-924533.html
美雨霖,26-40岁,http://brand.efu.com.cn/brandshow-924532.html
段记,不限,http://brand.efu.com.cn/brandshow-924528.html
艾特,26-40岁,http://brand.efu.com.cn/brandshow-924072.html
热度,26-40岁,http://brand.efu.com.cn/brandshow-924524.html
老人头,26-40岁,http://brand.efu.com.cn/brandshow-924514.html
戈左,26-40岁,http://brand.efu.com.cn/brandshow-924515.html
REGGATA CLUB,26-40岁,http://brand.efu.com.cn/brandshow-924518.html
唯尔,26-40岁,http://brand.efu.com.cn/brandshow-924456.html
埃维奥斯,不限,http://brand.efu.com.cn/brandshow-924455.html
路易英博,26-40岁,http://brand.efu.com.cn/brandshow-924496.html
OXN,26-40岁,http://brand.efu.com.cn/brandshow-924497.html
BLACKGATEONE,26-40岁,http://brand.efu.com.cn/brandshow-924489.html
卡罗,26-40岁,http://brand.efu.com.cn/brandshow-924492.html
酷黄毛,26-40岁,http://brand.efu.com.cn/brandshow-924487.html
保多莱,26-40岁,http://brand.efu.com.cn/brandshow-924463.html
傲徒,26-40岁,http://brand.efu.com.cn/brandshow-924461.html
埃臣,26-40岁,http://brand.efu.com.cn/brandshow-924458.html
伦德.保罗,26-40岁,http://brand.efu.com.cn/brandshow-924457.html
路易·圣堡罗兰,25-45,http://brand.efu.com.cn/brandshow-924474.html
尔派,26-40岁,http://brand.efu.com.cn/brandshow-924470.html
"古老鲨鱼""鹰鹏",0-3岁,http://brand.efu.com.cn/brandshow-31410.html
NOAH HOMME,26-40岁,http://brand.efu.com.cn/brandshow-971695.html
易兹玛,26-40岁,http://brand.efu.com.cn/brandshow-919079.html
地球之家,26-40岁,http://brand.efu.com.cn/brandshow-1216481.html
乔夫,26-40岁,http://brand.efu.com.cn/brandshow-262028.html
SEMOO,25-35,http://brand.efu.com.cn/brandshow-924034.html
创世,26-40岁,http://brand.efu.com.cn/brandshow-921888.html
希努尔,26-40岁,http://brand.efu.com.cn/brandshow-921852.html
比琪,26-40岁,http://brand.efu.com.cn/brandshow-922224.html
恒源祥,26-40岁,http://brand.efu.com.cn/brandshow-922148.html
杉杉,26-40岁,http://brand.efu.com.cn/brandshow-922039.html
红豆男装,0-3岁,http://brand.efu.com.cn/brandshow-922144.html
海澜之家,26-40岁,http://brand.efu.com.cn/brandshow-922063.html
酷蓝天空,25-50岁,http://brand.efu.com.cn/brandshow-914076.html
美尔雅,26-40岁,http://brand.efu.com.cn/brandshow-921960.html
波司登男装,26-40岁,http://brand.efu.com.cn/brandshow-922252.html
顺美,0-3岁,http://brand.efu.com.cn/brandshow-922290.html
熊猫,26-40岁,http://brand.efu.com.cn/brandshow-923173.html
杰奎普瑞,26-40岁,http://brand.efu.com.cn/brandshow-922285.html
思莱德,26-40岁,http://brand.efu.com.cn/brandshow-923181.html
澳伦多兰,26-40岁,http://brand.efu.com.cn/brandshow-923192.html
速写,19-25岁,http://brand.efu.com.cn/brandshow-923217.html
卡尔博诺,26-40岁,http://brand.efu.com.cn/brandshow-923288.html
法蘭•诗顿,26-40岁,http://brand.efu.com.cn/brandshow-923300.html
圣捷罗,26-40岁,http://brand.efu.com.cn/brandshow-923274.html
戴斯特拉博,26-40岁,http://brand.efu.com.cn/brandshow-923316.html
霞湖世家,26-40岁,http://brand.efu.com.cn/brandshow-923305.html
玮尼维希,0-3岁,http://brand.efu.com.cn/brandshow-540529.html
a.b.x,26-40岁,http://brand.efu.com.cn/brandshow-923420.html
艾尔可米,26-40岁,http://brand.efu.com.cn/brandshow-923419.html
博格纳,26-40岁,http://brand.efu.com.cn/brandshow-923455.html
百富,35-55,http://brand.efu.com.cn/brandshow-923459.html
金利来金标,26-40岁,http://brand.efu.com.cn/brandshow-923469.html
树王,26-40岁,http://brand.efu.com.cn/brandshow-923464.html
莱尔利奥,26-40岁,http://brand.efu.com.cn/brandshow-923546.html
蓝河,26-40岁,http://brand.efu.com.cn/brandshow-923578.html
博里尼,26-40岁,http://brand.efu.com.cn/brandshow-923503.html
伟志,26-40岁,http://brand.efu.com.cn/brandshow-923516.html
PULL&SHASK,26-40岁,http://brand.efu.com.cn/brandshow-923560.html
迪赛,26-40岁,http://brand.efu.com.cn/brandshow-923647.html
爱登堡,26-40岁,http://brand.efu.com.cn/brandshow-923630.html
澳伦,不限,http://brand.efu.com.cn/brandshow-923636.html
卡拉玛,26-40岁,http://brand.efu.com.cn/brandshow-923625.html
罗夫罗伦,26-40岁,http://brand.efu.com.cn/brandshow-64667.html
古提,25-45,http://brand.efu.com.cn/brandshow-534446.html
纳巴罗,26-40岁,http://brand.efu.com.cn/brandshow-923925.html
斯蒂文,25-35,http://brand.efu.com.cn/brandshow-923926.html
洛兹,26-40岁,http://brand.efu.com.cn/brandshow-922696.html
路易十三,26-40岁,http://brand.efu.com.cn/brandshow-924464.html
摩尼卡思,26-40岁,http://brand.efu.com.cn/brandshow-924469.html
OLYMP,26-40岁,http://brand.efu.com.cn/brandshow-924485.html
戈雷蒙迪,26-40岁,http://brand.efu.com.cn/brandshow-924490.html
商佰,26-40岁,http://brand.efu.com.cn/brandshow-924500.html
尼诺里拉,26-40岁,http://brand.efu.com.cn/brandshow-924608.html
佩雷斯,26-40岁,http://brand.efu.com.cn/brandshow-924509.html
点道,26-40岁,http://brand.efu.com.cn/brandshow-924558.html
伊丽亚特,26-40岁,http://brand.efu.com.cn/brandshow-924551.html
傲翼,26-40岁,http://brand.efu.com.cn/brandshow-924535.html
铂浠,26-40岁,http://brand.efu.com.cn/brandshow-924554.html
沙蒂,26-40岁,http://brand.efu.com.cn/brandshow-924575.html
洲艳,25-45岁,http://brand.efu.com.cn/brandshow-924567.html
点柒,26-40岁,http://brand.efu.com.cn/brandshow-924571.html
Messori,26-40岁,http://brand.efu.com.cn/brandshow-924564.html
瑞士莱茵,26-40岁,http://brand.efu.com.cn/brandshow-924598.html
赛丹,26-40岁,http://brand.efu.com.cn/brandshow-924593.html
爱觉,26-40岁,http://brand.efu.com.cn/brandshow-924592.html
苏菲格慕,26-40岁,http://brand.efu.com.cn/brandshow-924587.html
蔓哈顿,26-40岁,http://brand.efu.com.cn/brandshow-924588.html
DIRK BIKKEMBERGS,26-40岁,http://brand.efu.com.cn/brandshow-924581.html
汤尼俊士,26-40岁,http://brand.efu.com.cn/brandshow-924612.html
Aquamotrice,26-40岁,http://brand.efu.com.cn/brandshow-924607.html
斯多塞尚,26-40岁,http://brand.efu.com.cn/brandshow-924605.html
艾博古,26-40岁,http://brand.efu.com.cn/brandshow-924604.html
欧比时,26-40岁,http://brand.efu.com.cn/brandshow-924561.html
马仙奴,26-40岁,http://brand.efu.com.cn/brandshow-924556.html
男莊,26-40岁,http://brand.efu.com.cn/brandshow-924576.html
SGHOMME,26-40岁,http://brand.efu.com.cn/brandshow-924610.html
依文中国,26-40岁,http://brand.efu.com.cn/brandshow-922275.html
秋艳,26-40岁,http://brand.efu.com.cn/brandshow-922346.html
宜禾,26-40岁,http://brand.efu.com.cn/brandshow-922373.html
迪莱,26-40岁,http://brand.efu.com.cn/brandshow-923619.html
鲍姆勒,26-40岁,http://brand.efu.com.cn/brandshow-923617.html
依文,26-40岁,http://brand.efu.com.cn/brandshow-922268.html
曼时,26-40岁,http://brand.efu.com.cn/brandshow-924726.html
ETAM HOMME,19-25岁,http://brand.efu.com.cn/brandshow-924720.html
RUNPIN,26-40岁,http://brand.efu.com.cn/brandshow-924652.html
比登堡,26-40岁,http://brand.efu.com.cn/brandshow-924716.html
杰克利奥,26-40岁,http://brand.efu.com.cn/brandshow-924647.html
汤米,26-40岁,http://brand.efu.com.cn/brandshow-924636.html
拉图阿卑斯,26-40岁,http://brand.efu.com.cn/brandshow-924634.html
卡拉里尼,26-40岁,http://brand.efu.com.cn/brandshow-924676.html
UO（联邦欧诗兰）,26-40岁,http://brand.efu.com.cn/brandshow-924679.html
福尔莱嘉,26-40岁,http://brand.efu.com.cn/brandshow-924637.html
杰克福克斯,26-40岁,http://brand.efu.com.cn/brandshow-924635.html
Bruuns Bazaar,26-40岁,http://brand.efu.com.cn/brandshow-924674.html
汤尼威尔,26-40岁,http://brand.efu.com.cn/brandshow-924648.html
TNGT,26-40岁,http://brand.efu.com.cn/brandshow-924668.html
达兰特,26-40岁,http://brand.efu.com.cn/brandshow-924660.html
布鲁斯•金熊,26-40岁,http://brand.efu.com.cn/brandshow-924661.html
喜登露易,26-40岁,http://brand.efu.com.cn/brandshow-924697.html
希尼亚,26-40岁,http://brand.efu.com.cn/brandshow-924699.html
波特.邦威,26-40岁,http://brand.efu.com.cn/brandshow-924687.html
VLOV,26-40岁,http://brand.efu.com.cn/brandshow-924686.html
CANUDILO H HOLIDAYS,26-40岁,http://brand.efu.com.cn/brandshow-924076.html
铁狮丹顿,26-40岁,http://brand.efu.com.cn/brandshow-924692.html
狼道,26-40岁,http://brand.efu.com.cn/brandshow-924694.html
吉婚坊,26-40岁,http://brand.efu.com.cn/brandshow-924688.html
浩男,26-40岁,http://brand.efu.com.cn/brandshow-924691.html
奥迩,26-40岁,http://brand.efu.com.cn/brandshow-924698.html
贝迪百瑞,26-40岁,http://brand.efu.com.cn/brandshow-924693.html
查理士河,26-40岁,http://brand.efu.com.cn/brandshow-924718.html
时亦,26-40岁,http://brand.efu.com.cn/brandshow-949870.html
名盾,26-40岁,http://brand.efu.com.cn/brandshow-907015.html
乔治爵士,26-40岁,http://brand.efu.com.cn/brandshow-911226.html
热度,23-38,http://brand.efu.com.cn/brandshow-950080.html
爱琴鸟,不限,http://brand.efu.com.cn/brandshow-951918.html
深东浩,26-40岁,http://brand.efu.com.cn/brandshow-875993.html
法国男装DA,26-40岁,http://brand.efu.com.cn/brandshow-952456.html
帝奇诺,26-40岁,http://brand.efu.com.cn/brandshow-953301.html
埃沃,26-40岁,http://brand.efu.com.cn/brandshow-954157.html
圣.埃德,26-40岁,http://brand.efu.com.cn/brandshow-103994.html
帕罗吉奥,26-40岁,http://brand.efu.com.cn/brandshow-954342.html
力高,20-40,http://brand.efu.com.cn/brandshow-207654.html
马德尼拉,26-40岁,http://brand.efu.com.cn/brandshow-954231.html
英伦·杰德龙,26-40岁,http://brand.efu.com.cn/brandshow-925055.html
罗茜奥,26-40岁,http://brand.efu.com.cn/brandshow-924969.html
弗邦行,26-40岁,http://brand.efu.com.cn/brandshow-925023.html
奥爵,26-40岁,http://brand.efu.com.cn/brandshow-925006.html
迪梵尔,26-40岁,http://brand.efu.com.cn/brandshow-924997.html
欧普拉,26-40岁,http://brand.efu.com.cn/brandshow-925000.html
保罗威特,26-40岁,http://brand.efu.com.cn/brandshow-924995.html
天皇星,26-40岁,http://brand.efu.com.cn/brandshow-924989.html
皇宝,26-40岁,http://brand.efu.com.cn/brandshow-924985.html
圣戈尔,26-40岁,http://brand.efu.com.cn/brandshow-924987.html
卡莱米路,26-40岁,http://brand.efu.com.cn/brandshow-925020.html
道博,26-40岁,http://brand.efu.com.cn/brandshow-924978.html
后街地带,26-40岁,http://brand.efu.com.cn/brandshow-924979.html
休思顿,26-40岁,http://brand.efu.com.cn/brandshow-925051.html
金萍果,26-40岁,http://brand.efu.com.cn/brandshow-925058.html
骆豪,26-40岁,http://brand.efu.com.cn/brandshow-925028.html
奥尼路丹,26-40岁,http://brand.efu.com.cn/brandshow-925155.html
凯迪东尼,26-40岁,http://brand.efu.com.cn/brandshow-925152.html
来吉奇,26-40岁,http://brand.efu.com.cn/brandshow-925147.html
彼尔戈斯,26-40岁,http://brand.efu.com.cn/brandshow-925142.html
圣哥朗,26-40岁,http://brand.efu.com.cn/brandshow-925146.html
凯文凯利,26-40岁,http://brand.efu.com.cn/brandshow-925148.html
巴联,24-46,http://brand.efu.com.cn/brandshow-925114.html
迪安虎,26-40岁,http://brand.efu.com.cn/brandshow-925140.html
平安车服饰,26-40岁,http://brand.efu.com.cn/brandshow-925139.html
日驰尼,26-40岁,http://brand.efu.com.cn/brandshow-925104.html
黑蝠社,19-25岁,http://brand.efu.com.cn/brandshow-925097.html
劳斯凯瑞,25-50岁,http://brand.efu.com.cn/brandshow-925108.html
欧度,26-40岁,http://brand.efu.com.cn/brandshow-925107.html
史考特,19-25岁,http://brand.efu.com.cn/brandshow-1222311.html
卡思·威尔,25-45岁,http://brand.efu.com.cn/brandshow-1222298.html
爱登堡·英伦新贵,20-28岁,http://brand.efu.com.cn/brandshow-1222275.html
DUQM,25-45岁,http://brand.efu.com.cn/brandshow-1222293.html
活力佳,28-45岁,http://brand.efu.com.cn/brandshow-1222296.html
西先生,26-40岁,http://brand.efu.com.cn/brandshow-1222302.html
CATLONECH,26-40岁,http://brand.efu.com.cn/brandshow-1222294.html
乔氏·阿玛尼,28-45岁,http://brand.efu.com.cn/brandshow-1222270.html
易诗顿,27-45岁,http://brand.efu.com.cn/brandshow-1222300.html
杰帝宝狮龙,28-40岁,http://brand.efu.com.cn/brandshow-1222269.html
玛路 玛佐奇,26-40岁,http://brand.efu.com.cn/brandshow-1222702.html
优丹玲,不限,http://brand.efu.com.cn/brandshow-963061.html
奥拉玛,26-40岁,http://brand.efu.com.cn/brandshow-1222265.html
第六日时尚,18-30岁,http://brand.efu.com.cn/brandshow-1222268.html
谷翼崎,不限,http://brand.efu.com.cn/brandshow-1222746.html
沙龙世基,26-40岁,http://brand.efu.com.cn/brandshow-1222267.html
璐仙奴,28-45,http://brand.efu.com.cn/brandshow-500395.html
布鲁斯金熊,30-50,http://brand.efu.com.cn/brandshow-652389.html
卡谋,26-40岁,http://brand.efu.com.cn/brandshow-954166.html
优.搜.酷.,25-35岁,http://brand.efu.com.cn/brandshow-95014.html
刻图,26-40岁,http://brand.efu.com.cn/brandshow-963473.html
瑞璞,25-39,http://brand.efu.com.cn/brandshow-965535.html
千纸鹤,26-40岁,http://brand.efu.com.cn/brandshow-956699.html
卡滨王,25-45岁,http://brand.efu.com.cn/brandshow-858878.html
麦卡斯,26-40岁,http://brand.efu.com.cn/brandshow-958137.html
麦卡斯,26-40岁,http://brand.efu.com.cn/brandshow-958121.html
南佐波士,26-40岁,http://brand.efu.com.cn/brandshow-958242.html
黑蝠社,19-25岁,http://brand.efu.com.cn/brandshow-958395.html
五木,30-50岁,http://brand.efu.com.cn/brandshow-924216.html
有性格,19-25岁,http://brand.efu.com.cn/brandshow-925720.html
雅迪希,26-40岁,http://brand.efu.com.cn/brandshow-958647.html
积上风尚,26-40岁,http://brand.efu.com.cn/brandshow-958797.html
异形,18-38岁,http://brand.efu.com.cn/brandshow-495660.html
侨质,26-40岁,http://brand.efu.com.cn/brandshow-959110.html
自然•品质•时尚,26-40岁,http://brand.efu.com.cn/brandshow-959318.html
宾利马,26-40岁,http://brand.efu.com.cn/brandshow-959449.html
迪威玛尼,26-40岁,http://brand.efu.com.cn/brandshow-959639.html
保罗诗丹,26-40岁,http://brand.efu.com.cn/brandshow-746615.html
万胜维,25-45,http://brand.efu.com.cn/brandshow-959689.html
TF（Target Fantasy ）,26-40岁,http://brand.efu.com.cn/brandshow-959966.html
贝斯伟福路,18-35,http://brand.efu.com.cn/brandshow-937408.html
克劳拉尔,30-35岁,http://brand.efu.com.cn/brandshow-924800.html
鲁泰格蕾芬,26-40岁,http://brand.efu.com.cn/brandshow-922746.html
雪飞狼,25-45,http://brand.efu.com.cn/brandshow-452827.html
雅派朗迪,26-40岁,http://brand.efu.com.cn/brandshow-928596.html
ESIR,26-40岁,http://brand.efu.com.cn/brandshow-930276.html
斯波帝卡,25-35,http://brand.efu.com.cn/brandshow-930470.html
文迪尔·威鹿,26-40岁,http://brand.efu.com.cn/brandshow-930451.html
周织,26-40岁,http://brand.efu.com.cn/brandshow-930446.html
诺贝达,26-40岁,http://brand.efu.com.cn/brandshow-930387.html
WEILU1881,26-40岁,http://brand.efu.com.cn/brandshow-930455.html
巴贝,26-40岁,http://brand.efu.com.cn/brandshow-930741.html
ICKI,26-40岁,http://brand.efu.com.cn/brandshow-930467.html
萨托尼,26-40岁,http://brand.efu.com.cn/brandshow-930647.html
忘不了,26-40岁,http://brand.efu.com.cn/brandshow-922985.html
D二次方,26-40岁,http://brand.efu.com.cn/brandshow-931121.html
曾凤飞,26-40岁,http://brand.efu.com.cn/brandshow-931476.html
侨蒙,26-40岁,http://brand.efu.com.cn/brandshow-6319.html
阿柏尼,18-35岁,http://brand.efu.com.cn/brandshow-937955.html
杰仕维登,41-60岁,http://brand.efu.com.cn/brandshow-954903.html
欧诗格诺,26-40岁,http://brand.efu.com.cn/brandshow-955115.html
TIX,26-40岁,http://brand.efu.com.cn/brandshow-953625.html
汉崇,26-40岁,http://brand.efu.com.cn/brandshow-956427.html
希卡波仕,28-48,http://brand.efu.com.cn/brandshow-938593.html
来龙,26-40岁,http://brand.efu.com.cn/brandshow-957155.html
卡法里纳,26-40岁,http://brand.efu.com.cn/brandshow-957386.html
耀奇,30-50岁,http://brand.efu.com.cn/brandshow-780358.html
莱恩雷迪,30-45岁,http://brand.efu.com.cn/brandshow-957407.html
色鬼,19-25岁,http://brand.efu.com.cn/brandshow-957479.html
美佳苹果,25-55岁,http://brand.efu.com.cn/brandshow-551539.html
宝斯雷迪,26-40岁,http://brand.efu.com.cn/brandshow-776133.html
百变城,16-45岁,http://brand.efu.com.cn/brandshow-782307.html
意大利·阿尔皮纳,28-45岁,http://brand.efu.com.cn/brandshow-285053.html
名鼠,26-40岁,http://brand.efu.com.cn/brandshow-1218791.html
莱蒂,26-40岁,http://brand.efu.com.cn/brandshow-969299.html
1943S,26-40岁,http://brand.efu.com.cn/brandshow-450611.html
Cag,26-40岁,http://brand.efu.com.cn/brandshow-1222768.html
浮露,26-40岁,http://brand.efu.com.cn/brandshow-1220412.html
KM,18-35岁,http://brand.efu.com.cn/brandshow-974933.html
卡堡龙,26-40岁,http://brand.efu.com.cn/brandshow-1222371.html
莱柯迪奥,26-40岁,http://brand.efu.com.cn/brandshow-1222365.html
启傲保罗,26-40岁,http://brand.efu.com.cn/brandshow-1222376.html
港仕邦尼,26-40岁,http://brand.efu.com.cn/brandshow-1222399.html
富人狼,26-40岁,http://brand.efu.com.cn/brandshow-1222381.html
黄袍加身,26-40岁,http://brand.efu.com.cn/brandshow-1222378.html
罗杉,26-40岁,http://brand.efu.com.cn/brandshow-1222397.html
亚诺,26-40岁,http://brand.efu.com.cn/brandshow-1222394.html
托罗,26-40岁,http://brand.efu.com.cn/brandshow-1222395.html
汉狮,26-40岁,http://brand.efu.com.cn/brandshow-1222390.html
七匹狼时尚运动,26-40岁,http://brand.efu.com.cn/brandshow-1222410.html
埃德蒙,26-40岁,http://brand.efu.com.cn/brandshow-1222402.html
皖领之家,26-40岁,http://brand.efu.com.cn/brandshow-1222389.html
蓝蒙,26-40岁,http://brand.efu.com.cn/brandshow-1222413.html
VICTORY POLO,26-40岁,http://brand.efu.com.cn/brandshow-1222401.html
卡罗卡,26-40岁,http://brand.efu.com.cn/brandshow-1222418.html
帝,26-40岁,http://brand.efu.com.cn/brandshow-1222417.html
卡希斯伦,30-50,http://brand.efu.com.cn/brandshow-919138.html
韩臣,26-40岁,http://brand.efu.com.cn/brandshow-1227816.html
百世好,26-40岁,http://brand.efu.com.cn/brandshow-22084.html
曼维尔,26-40岁,http://brand.efu.com.cn/brandshow-1225456.html
1828,26-40岁,http://brand.efu.com.cn/brandshow-925089.html
东方金鲵,25-60岁,http://brand.efu.com.cn/brandshow-925133.html
鲁宾汉,26-40岁,http://brand.efu.com.cn/brandshow-925120.html
郝海东,26-40岁,http://brand.efu.com.cn/brandshow-925122.html
波赛思顿,26-40岁,http://brand.efu.com.cn/brandshow-925115.html
男眼,25-35,http://brand.efu.com.cn/brandshow-925198.html
路嘉纳,26-40岁,http://brand.efu.com.cn/brandshow-925199.html
邦迪·斯顿,28-48,http://brand.efu.com.cn/brandshow-925219.html
红都,26-40岁,http://brand.efu.com.cn/brandshow-925195.html
卡奥莱仕,26-40岁,http://brand.efu.com.cn/brandshow-925196.html
斯多纳,26-40岁,http://brand.efu.com.cn/brandshow-925180.html
圣勃朗,26-40岁,http://brand.efu.com.cn/brandshow-925183.html
贝莱斯顿,26-40岁,http://brand.efu.com.cn/brandshow-925192.html
中大鳄鱼,26-40岁,http://brand.efu.com.cn/brandshow-925225.html
欧诗格诺,26-40岁,http://brand.efu.com.cn/brandshow-925231.html
安普里奥·阿玛尼,26-40岁,http://brand.efu.com.cn/brandshow-925299.html
西远,26-40岁,http://brand.efu.com.cn/brandshow-925334.html
益鑫泰,26-40岁,http://brand.efu.com.cn/brandshow-925324.html
君子豹,26-40岁,http://brand.efu.com.cn/brandshow-925346.html
艾奇吾耀尔,19-25岁,http://brand.efu.com.cn/brandshow-925448.html
哥伦特.赛,26-40岁,http://brand.efu.com.cn/brandshow-925348.html
gxg.1978”jeans,26-40岁,http://brand.efu.com.cn/brandshow-925484.html
S2CITYLIFE,26-40岁,http://brand.efu.com.cn/brandshow-925489.html
与狼共舞,25-35,http://brand.efu.com.cn/brandshow-925574.html
华伯头,26-40岁,http://brand.efu.com.cn/brandshow-596421.html
LA BULL,26-40岁,http://brand.efu.com.cn/brandshow-926153.html
拉雷尼,26-40岁,http://brand.efu.com.cn/brandshow-909337.html
帕雷帝尼,26-40岁,http://brand.efu.com.cn/brandshow-926017.html
睦隆男装,26-40岁,http://brand.efu.com.cn/brandshow-926883.html
雅宝路,26-40岁,http://brand.efu.com.cn/brandshow-926887.html
UNK优安凯,26-40岁,http://brand.efu.com.cn/brandshow-927033.html
叻仕威尔,25-45,http://brand.efu.com.cn/brandshow-396264.html
释图,18-35岁,http://brand.efu.com.cn/brandshow-966441.html
英迪斯格,25-40岁,http://brand.efu.com.cn/brandshow-969179.html
第二印象,20-35岁,http://brand.efu.com.cn/brandshow-348341.html
曼奇顿,26-40岁,http://brand.efu.com.cn/brandshow-968198.html
欧格,25-40岁,http://brand.efu.com.cn/brandshow-942595.html
沙田,25-48,http://brand.efu.com.cn/brandshow-198926.html
埃恩,26-40岁,http://brand.efu.com.cn/brandshow-1214893.html
圣得西,25-45岁,http://brand.efu.com.cn/brandshow-924823.html
杰思梵,30-45,http://brand.efu.com.cn/brandshow-896776.html
劳尔• 卡迪尼,25-40岁,http://brand.efu.com.cn/brandshow-940413.html
Mr.C西先生,26-40岁,http://brand.efu.com.cn/brandshow-1216028.html
杰克福克斯,18-35,http://brand.efu.com.cn/brandshow-971077.html
迪伍,26-40岁,http://brand.efu.com.cn/brandshow-905210.html
POLO JIANI,20-40岁,http://brand.efu.com.cn/brandshow-946010.html
步西尼,26-40岁,http://brand.efu.com.cn/brandshow-203659.html
GR,25-35,http://brand.efu.com.cn/brandshow-645960.html
鹿王,26-40岁,http://brand.efu.com.cn/brandshow-959742.html
玛路·玛佐奇,26-40岁,http://brand.efu.com.cn/brandshow-908256.html
乔治伯爵,25-45岁,http://brand.efu.com.cn/brandshow-923648.html
杰诺恩尼,26-40岁,http://brand.efu.com.cn/brandshow-973796.html
爵克女装,26-40岁,http://brand.efu.com.cn/brandshow-972911.html
凯施迪,20-48,http://brand.efu.com.cn/brandshow-1213162.html
温格,25-35岁,http://brand.efu.com.cn/brandshow-1219010.html
德古拉伯爵,20-40岁,http://brand.efu.com.cn/brandshow-1218993.html
宝路联合,26-40岁,http://brand.efu.com.cn/brandshow-1218843.html
马思图,26-40岁,http://brand.efu.com.cn/brandshow-30012.html
飒摩,26-40岁,http://brand.efu.com.cn/brandshow-961543.html
度比古卡,25-40岁,http://brand.efu.com.cn/brandshow-954150.html
宾可尼罗,26-40岁,http://brand.efu.com.cn/brandshow-1222658.html
艾法利,35-45岁,http://brand.efu.com.cn/brandshow-1222655.html
VA1883,26-40岁,http://brand.efu.com.cn/brandshow-510003.html
先锋企鹅,30-45岁,http://brand.efu.com.cn/brandshow-1222697.html
汉哲思,25~35岁,http://brand.efu.com.cn/brandshow-924483.html
汉邦剪裁,26-40岁,http://brand.efu.com.cn/brandshow-1222648.html
恩吉奥,26-40岁,http://brand.efu.com.cn/brandshow-1222630.html
ux5,41-60岁,http://brand.efu.com.cn/brandshow-1222633.html
黑柏迪亚士威,26-40岁,http://brand.efu.com.cn/brandshow-1222610.html
sinoer,25-45,http://brand.efu.com.cn/brandshow-1222576.html
纽泰,26-40岁,http://brand.efu.com.cn/brandshow-1222580.html
萨意达，阿斯豪，柯蒂尼,26-40岁,http://brand.efu.com.cn/brandshow-1222604.html
威尼帝,26-40岁,http://brand.efu.com.cn/brandshow-1222584.html
第一版,19-25岁,http://brand.efu.com.cn/brandshow-1222533.html
蒙迪绅诺,26-40岁,http://brand.efu.com.cn/brandshow-1222492.html
奥法罗,26-40岁,http://brand.efu.com.cn/brandshow-1222491.html
杰泰莱,26-40岁,http://brand.efu.com.cn/brandshow-1222482.html
菲利莫克,26-40岁,http://brand.efu.com.cn/brandshow-1222484.html
索比克,25-35岁,http://brand.efu.com.cn/brandshow-1222486.html
报喜鹿,25-45岁,http://brand.efu.com.cn/brandshow-1222479.html
圣埃菲蒙德,21-36岁,http://brand.efu.com.cn/brandshow-1222480.html
铂珏,26-40岁,http://brand.efu.com.cn/brandshow-1222485.html
迪奥拉,28-40岁,http://brand.efu.com.cn/brandshow-1222477.html
约翰.费雷德,30-55岁,http://brand.efu.com.cn/brandshow-1222474.html
庄吉,26-40岁,http://brand.efu.com.cn/brandshow-922602.html
W-FIVE,26-40岁,http://brand.efu.com.cn/brandshow-935934.html
利郎,26-40岁,http://brand.efu.com.cn/brandshow-922609.html
湖南金鹰集团,26-40岁,http://brand.efu.com.cn/brandshow-937104.html
予曼,26-40岁,http://brand.efu.com.cn/brandshow-714290.html
奔驰罗纳,28-48,http://brand.efu.com.cn/brandshow-903958.html
卡莱芙,18-35,http://brand.efu.com.cn/brandshow-938057.html
喜登威,26-40岁,http://brand.efu.com.cn/brandshow-926881.html
邦德狮,35-45岁,http://brand.efu.com.cn/brandshow-956255.html
斯得铭,26-40岁,http://brand.efu.com.cn/brandshow-938953.html
单农,26-40岁,http://brand.efu.com.cn/brandshow-939318.html
KIR,26-40岁,http://brand.efu.com.cn/brandshow-939951.html
仕东利,26-40岁,http://brand.efu.com.cn/brandshow-939324.html
柏朗亚高,26-40岁,http://brand.efu.com.cn/brandshow-917370.html
康纳利,26-40岁,http://brand.efu.com.cn/brandshow-924892.html
卡丹达仕,19-45,http://brand.efu.com.cn/brandshow-929823.html
口号,26-40岁,http://brand.efu.com.cn/brandshow-935693.html
香港九九良品,25-45,http://brand.efu.com.cn/brandshow-925382.html
德沃塔隆巴,25-50岁,http://brand.efu.com.cn/brandshow-267342.html
黄金熊,26-40岁,http://brand.efu.com.cn/brandshow-924016.html
梦哲,35-45岁,http://brand.efu.com.cn/brandshow-956260.html
Aolama,28-45岁,http://brand.efu.com.cn/brandshow-944011.html
爱轩堡,26-40岁,http://brand.efu.com.cn/brandshow-945510.html
圣兰翔,26-40岁,http://brand.efu.com.cn/brandshow-945186.html
柏仙太子,26-40岁,http://brand.efu.com.cn/brandshow-945228.html
郎情岁月,25-40,http://brand.efu.com.cn/brandshow-944313.html
九赛马,20-35岁,http://brand.efu.com.cn/brandshow-1222468.html
亚玛朗尼,25-45岁,http://brand.efu.com.cn/brandshow-1222467.html
爱尔尼,26-40岁,http://brand.efu.com.cn/brandshow-1222466.html
贝纳川,26-40岁,http://brand.efu.com.cn/brandshow-1222462.html
里奥,26-40岁,http://brand.efu.com.cn/brandshow-1222461.html
托马斯.萨博,26-40岁,http://brand.efu.com.cn/brandshow-1222453.html
庄爵,26-40岁,http://brand.efu.com.cn/brandshow-1222458.html
劳尔 卡迪尼,26-40岁,http://brand.efu.com.cn/brandshow-1222974.html
金盾,26-40岁,http://brand.efu.com.cn/brandshow-1222451.html
缔澳菲龙,26-40岁,http://brand.efu.com.cn/brandshow-1222454.html
乔斯达,26-40岁,http://brand.efu.com.cn/brandshow-1222445.html
云敦至尊,26-40岁,http://brand.efu.com.cn/brandshow-1222971.html
FUGE,26-40岁,http://brand.efu.com.cn/brandshow-1222965.html
钜立,26-40岁,http://brand.efu.com.cn/brandshow-1222953.html
欧尼杰,26-40岁,http://brand.efu.com.cn/brandshow-1222922.html
阿玛度,19-25岁,http://brand.efu.com.cn/brandshow-1222952.html
PR-Ⅱ,26-40岁,http://brand.efu.com.cn/brandshow-1222942.html
列都,26-40岁,http://brand.efu.com.cn/brandshow-1222918.html
VERSINO,26-40岁,http://brand.efu.com.cn/brandshow-1222932.html
伦德.保罗休闲装,26-40岁,http://brand.efu.com.cn/brandshow-1222899.html
漂亮先生,26-40岁,http://brand.efu.com.cn/brandshow-1222878.html
睿锦,26-40岁,http://brand.efu.com.cn/brandshow-1222869.html
诺蕥,26-40岁,http://brand.efu.com.cn/brandshow-1222865.html
OWNONLY,26-40岁,http://brand.efu.com.cn/brandshow-1222861.html
GRSAGA,26-40岁,http://brand.efu.com.cn/brandshow-1222848.html
皮尔卡丹,不限,http://brand.efu.com.cn/brandshow-1222840.html
欧堡尼,26-40岁,http://brand.efu.com.cn/brandshow-1222830.html
尚科莫时尚概念店,26-40岁,http://brand.efu.com.cn/brandshow-1222841.html
彼雅泊,26-40岁,http://brand.efu.com.cn/brandshow-1222793.html
意派,26-40岁,http://brand.efu.com.cn/brandshow-1222791.html
优搜,26-40岁,http://brand.efu.com.cn/brandshow-1222785.html
铭民,26-40岁,http://brand.efu.com.cn/brandshow-1222748.html
ZUBEN,26-40岁,http://brand.efu.com.cn/brandshow-1222773.html
蒙卡奇亚,26-40岁,http://brand.efu.com.cn/brandshow-1222755.html
费奇赫顿,26-40岁,http://brand.efu.com.cn/brandshow-1222747.html
魔斗士,16-45,http://brand.efu.com.cn/brandshow-199651.html
金穗狼,18-35岁,http://brand.efu.com.cn/brandshow-1227585.html
品立,23-35岁,http://brand.efu.com.cn/brandshow-1220362.html
卡丹路,26-40岁,http://brand.efu.com.cn/brandshow-1227255.html
沙驰国际,28-55岁,http://brand.efu.com.cn/brandshow-948410.html
凯帝颂歌,26-40岁,http://brand.efu.com.cn/brandshow-1229805.html
空间,20-40岁,http://brand.efu.com.cn/brandshow-923756.html
皇卡,26-40岁,http://brand.efu.com.cn/brandshow-949958.html
博爾莎 維吉奧,25-35岁,http://brand.efu.com.cn/brandshow-1230331.html
好衣多,26-40岁,http://brand.efu.com.cn/brandshow-1221397.html
卧虎藏龙,26-40岁,http://brand.efu.com.cn/brandshow-1230656.html
杰克.范,18-40,http://brand.efu.com.cn/brandshow-1231062.html
XEZO,25-45岁,http://brand.efu.com.cn/brandshow-1221740.html
DDY,26-40岁,http://brand.efu.com.cn/brandshow-1234479.html
JALOTAILOR,26-40岁,http://brand.efu.com.cn/brandshow-1230295.html
贝克狮丹,30-50岁,http://brand.efu.com.cn/brandshow-737938.html
佰威奇,16-40岁,http://brand.efu.com.cn/brandshow-1234470.html
Mt.美特华菲,19-25岁,http://brand.efu.com.cn/brandshow-1235449.html
巴鲁特,28-45,http://brand.efu.com.cn/brandshow-949880.html
才子,20-50,http://brand.efu.com.cn/brandshow-922823.html
西霸西服,26-40岁,http://brand.efu.com.cn/brandshow-1236091.html
金利来,26-40岁,http://brand.efu.com.cn/brandshow-923468.html
觉同,26-40岁,http://brand.efu.com.cn/brandshow-1236128.html
桑尼·CEO,35-45岁,http://brand.efu.com.cn/brandshow-737316.html
罗蒙.派登,26-40岁,http://brand.efu.com.cn/brandshow-1233979.html
金莎伦,26-40岁,http://brand.efu.com.cn/brandshow-1236276.html
澳洋世家,18-45岁,http://brand.efu.com.cn/brandshow-1236116.html
积客绅,26-40岁,http://brand.efu.com.cn/brandshow-1236111.html
怡裁,26-40岁,http://brand.efu.com.cn/brandshow-1237490.html
银鳞堂,20-40岁,http://brand.efu.com.cn/brandshow-1237336.html
弗朗费雷,25-45岁,http://brand.efu.com.cn/brandshow-1237023.html
爱登士,28-40岁,http://brand.efu.com.cn/brandshow-592333.html
乐裁,30-40岁,http://brand.efu.com.cn/brandshow-1238346.html
自序,19-25岁,http://brand.efu.com.cn/brandshow-1239339.html
维欧,20-38岁,http://brand.efu.com.cn/brandshow-1238355.html
爵卡尼杰亚,20-40岁,http://brand.efu.com.cn/brandshow-1239183.html
JOHNSON&DEREK,26-40岁,http://brand.efu.com.cn/brandshow-1239227.html
凡匠,20-60岁,http://brand.efu.com.cn/brandshow-1235975.html
意树,25-50岁,http://brand.efu.com.cn/brandshow-1222444.html
恺米切,26-40岁,http://brand.efu.com.cn/brandshow-1244162.html
名卡文,26-40岁,http://brand.efu.com.cn/brandshow-1243023.html
卡度尼,28-45 ,http://brand.efu.com.cn/brandshow-432186.html
哈蒙班尼,26-40岁,http://brand.efu.com.cn/brandshow-924058.html
卡宾,26-40岁,http://brand.efu.com.cn/brandshow-923174.html
爵士丹尼,26-40岁,http://brand.efu.com.cn/brandshow-924250.html
挚爱,26-40岁,http://brand.efu.com.cn/brandshow-923308.html
霍普莱斯,25-42岁,http://brand.efu.com.cn/brandshow-923691.html
宾宝,25-45,http://brand.efu.com.cn/brandshow-39396.html
凯尔文·科莱,26-40岁,http://brand.efu.com.cn/brandshow-924678.html
卡斯保罗,26-40岁,http://brand.efu.com.cn/brandshow-924260.html
ZIOZIA,26-40岁,http://brand.efu.com.cn/brandshow-923684.html
伯爵莱利,26-40岁,http://brand.efu.com.cn/brandshow-924883.html
马狮龙,26-40岁,http://brand.efu.com.cn/brandshow-924802.html
诺帝卡,26-40岁,http://brand.efu.com.cn/brandshow-924454.html
YZC,26-40岁,http://brand.efu.com.cn/brandshow-923980.html
Andrew&Angel,26-40岁,http://brand.efu.com.cn/brandshow-923401.html
佳乐喜,26-40岁,http://brand.efu.com.cn/brandshow-924566.html
NEW MAN,26-40岁,http://brand.efu.com.cn/brandshow-924459.html
保罗与鲨鱼,26-40岁,http://brand.efu.com.cn/brandshow-923610.html
意大利罗马帝王,26-40岁,http://brand.efu.com.cn/brandshow-873835.html
九鹿·王,25-35岁,http://brand.efu.com.cn/brandshow-1222472.html
L2,18岁-35岁,http://brand.efu.com.cn/brandshow-918278.html
波仕恩爵,26-40岁,http://brand.efu.com.cn/brandshow-449765.html
皇玛士,20-45,http://brand.efu.com.cn/brandshow-807153.html
卡帝乐鳄鱼,26-40岁,http://brand.efu.com.cn/brandshow-922621.html
克莱蒙梭,26-40岁,http://brand.efu.com.cn/brandshow-1222442.html
圣捷罗,26-40岁,http://brand.efu.com.cn/brandshow-876433.html
卡古,26-40岁,http://brand.efu.com.cn/brandshow-1222439.html
希德丹顿,26-40岁,http://brand.efu.com.cn/brandshow-1222441.html
龙天下,25-35岁,http://brand.efu.com.cn/brandshow-1222436.html
积上,26-40岁,http://brand.efu.com.cn/brandshow-1222432.html
金林德伯格,26-40岁,http://brand.efu.com.cn/brandshow-1222430.html
风之涯,20-40岁,http://brand.efu.com.cn/brandshow-1222427.html
佐驰,26-40岁,http://brand.efu.com.cn/brandshow-1222737.html
GULAO＆SHAYU,26-40岁,http://brand.efu.com.cn/brandshow-1222712.html
域帝文,26-40岁,http://brand.efu.com.cn/brandshow-1222247.html
柏朴,26-40岁,http://brand.efu.com.cn/brandshow-1222227.html
乾坤马,25-45岁,http://brand.efu.com.cn/brandshow-1222233.html
澳迩顿,26-40岁,http://brand.efu.com.cn/brandshow-1222258.html
尚印象,26-40岁,http://brand.efu.com.cn/brandshow-1222220.html
波士恩爵,28-45岁,http://brand.efu.com.cn/brandshow-1222235.html
威曼,25-35岁,http://brand.efu.com.cn/brandshow-1222212.html
卡格莱曼,26-40岁,http://brand.efu.com.cn/brandshow-1222195.html
傑思梵,30-45岁,http://brand.efu.com.cn/brandshow-1222181.html
翡翠,30-45岁,http://brand.efu.com.cn/brandshow-1222178.html
久久厘米男装,23-38岁,http://brand.efu.com.cn/brandshow-1222171.html
九狼王时尚男装,25-60岁,http://brand.efu.com.cn/brandshow-1222150.html
洛赛克斯,20-35岁,http://brand.efu.com.cn/brandshow-1222148.html
保罗.简依,20-40岁,http://brand.efu.com.cn/brandshow-1222175.html
云斯顿,26-40岁,http://brand.efu.com.cn/brandshow-1222149.html
99CM,18-40岁,http://brand.efu.com.cn/brandshow-1222156.html
卡拉利,30-45岁,http://brand.efu.com.cn/brandshow-1222140.html
另一面,20-35岁,http://brand.efu.com.cn/brandshow-1222139.html
华诺威时尚男装,25-45岁,http://brand.efu.com.cn/brandshow-1222107.html
阿尔皮纳,28-45岁,http://brand.efu.com.cn/brandshow-1222120.html
九九良品,25-45岁,http://brand.efu.com.cn/brandshow-1222101.html
文盈,26-40岁,http://brand.efu.com.cn/brandshow-1222359.html
红森林,18-40岁,http://brand.efu.com.cn/brandshow-1222360.html
勋爵,15--40岁,http://brand.efu.com.cn/brandshow-1222099.html
英邦公子,26-40岁,http://brand.efu.com.cn/brandshow-1222416.html
斯密达,26-40岁,http://brand.efu.com.cn/brandshow-1222425.html
首家壹佰,26-40岁,http://brand.efu.com.cn/brandshow-1222355.html
卡帝琼斯,25-35岁,http://brand.efu.com.cn/brandshow-1222358.html
裁缝,20-45岁,http://brand.efu.com.cn/brandshow-1222354.html
格尼雷汀,26-40岁,http://brand.efu.com.cn/brandshow-1222353.html
驰语,18-35岁,http://brand.efu.com.cn/brandshow-1222348.html
老儿头,26-40岁,http://brand.efu.com.cn/brandshow-1222344.html
缇弗,26-40岁,http://brand.efu.com.cn/brandshow-1222346.html
巴迪雷恩,26-40岁,http://brand.efu.com.cn/brandshow-1222352.html
奥斯浦,26-40岁,http://brand.efu.com.cn/brandshow-1222338.html
林凡,30-45岁,http://brand.efu.com.cn/brandshow-1222343.html
法鲁茨,26-40岁,http://brand.efu.com.cn/brandshow-1222332.html
东方波士,30-55岁,http://brand.efu.com.cn/brandshow-1222336.html
范佰,26-40岁,http://brand.efu.com.cn/brandshow-1222329.html
安东尼摩拉托,26-40岁,http://brand.efu.com.cn/brandshow-1222328.html
圣路鹰,26-40岁,http://brand.efu.com.cn/brandshow-1240037.html
JACK SOUTH,26-40岁,http://brand.efu.com.cn/brandshow-1240379.html
传奇保罗,25-45岁,http://brand.efu.com.cn/brandshow-1240337.html
吉凡克斯,26-40岁,http://brand.efu.com.cn/brandshow-923965.html
雅戈尔,26-40岁,http://brand.efu.com.cn/brandshow-922714.html
虎都,26-40岁,http://brand.efu.com.cn/brandshow-922779.html
杰尼亚,26-40岁,http://brand.efu.com.cn/brandshow-923105.html
七匹狼,20-55岁,http://brand.efu.com.cn/brandshow-922052.html
劲霸,26-40岁,http://brand.efu.com.cn/brandshow-922715.html
太子龙,26-40岁,http://brand.efu.com.cn/brandshow-922556.html
卡尔丹顿,26-40岁,http://brand.efu.com.cn/brandshow-924048.html
高田贤三,26-40岁,http://brand.efu.com.cn/brandshow-925341.html
九牧王,26-40岁,http://brand.efu.com.cn/brandshow-922007.html
布克兄弟,26-40岁,http://brand.efu.com.cn/brandshow-923708.html
柯蒂尼,26-40岁,http://brand.efu.com.cn/brandshow-923580.html
雨果·博斯,26-40岁,http://brand.efu.com.cn/brandshow-925226.html
梵思诺,26-40岁,http://brand.efu.com.cn/brandshow-917269.html
绩派,26-40岁,http://brand.efu.com.cn/brandshow-132506.html
阿尔弗雷德登喜路,26-40岁,http://brand.efu.com.cn/brandshow-933750.html
昊鑫凯.德金,18-35,http://brand.efu.com.cn/brandshow-1231000.html
唐束,20-45,http://brand.efu.com.cn/brandshow-1238262.html
诺奇,26-40岁,http://brand.efu.com.cn/brandshow-107111.html
RED.P.G,25-38岁,http://brand.efu.com.cn/brandshow-414867.html
翡翠男装,20-40,http://brand.efu.com.cn/brandshow-927625.html
迪柯顿,25-45岁,http://brand.efu.com.cn/brandshow-969736.html
莎斯莱思,26-40岁,http://brand.efu.com.cn/brandshow-970937.html
欧森朗,26-40岁,http://brand.efu.com.cn/brandshow-1229676.html
线锁,28-40岁,http://brand.efu.com.cn/brandshow-1237069.html
法拉狄奥,26-40岁,http://brand.efu.com.cn/brandshow-486151.html
希特,18-40,http://brand.efu.com.cn/brandshow-1240090.html
OWOOO,26-40岁,http://brand.efu.com.cn/brandshow-12075.html
它钴,18-45岁,http://brand.efu.com.cn/brandshow-924614.html
久久厘米,19-35,http://brand.efu.com.cn/brandshow-935822.html
啄木鸟,30-45岁,http://brand.efu.com.cn/brandshow-135996.html
博布莱斯,28-55,http://brand.efu.com.cn/brandshow-1235254.html
添多利,25-55岁,http://brand.efu.com.cn/brandshow-924662.html
爱迪丹顿,26-50岁,http://brand.efu.com.cn/brandshow-205744.html
袋鼠,25-45岁,http://brand.efu.com.cn/brandshow-923730.html
佐纳利,20-40,http://brand.efu.com.cn/brandshow-1222382.html
JPE,22-38,http://brand.efu.com.cn/brandshow-945177.html
罗蒙,22-55,http://brand.efu.com.cn/brandshow-922603.html
博铂定制,26-40岁,http://brand.efu.com.cn/brandshow-1235877.html
老爷车,30-50岁,http://brand.efu.com.cn/brandshow-161141.html
新升流派,20-40岁,http://brand.efu.com.cn/brandshow-596121.html
HS男装,18-35岁,http://brand.efu.com.cn/brandshow-1231097.html
金甲,25-35,http://brand.efu.com.cn/brandshow-1237157.html
富绅,26-40岁,http://brand.efu.com.cn/brandshow-4188.html
梵宝龙,26-40岁,http://brand.efu.com.cn/brandshow-1222317.html
舞出我天地,25-35岁,http://brand.efu.com.cn/brandshow-1222312.html
劳夫罗伦,26-40岁,http://brand.efu.com.cn/brandshow-1222731.html
杉杉,25-45岁,http://brand.efu.com.cn/brandshow-86141.html
哥利文,26-40岁,http://brand.efu.com.cn/brandshow-1222313.html
